patient_id,index_date,index_encounter_id,index_condition_code,index_condition_description,t2dm_condition_row_count,birth_date,death_date,sex,race,ethnicity,first_observed_date,has_prior_t1dm_before_index,first_prior_t1dm_date,prior_t1dm_row_count,has_pregnancy_window_before_or_at_index,first_pregnancy_window_date,pregnancy_window_row_count,age_at_index,observable_history_days_before_index,meets_adult_age_rule,meets_baseline_history_rule,meets_prior_t1dm_exclusion_rule,meets_pregnancy_exclusion_rule,target_t2dm_code,prior_t1dm_exclusion_code,pregnancy_exclusion_code,baseline_days_required,cohort_name,meets_final_phase1_rules
1bf0a9a4-11fa-ac91-6f55-de783fe1d133,4/28/1993,1bf0a9a4-11fa-ac91-a0a6-abb3791137f7,44054006,Diabetes mellitus type 2 (disorder),1,7/14/1943,8/14/2017,F,white,hispanic,11/18/1953,FALSE,,0,FALSE,,0,49,14406,TRUE,TRUE,TRUE,TRUE,44054006,46635009,77386006,365,t2dm_index_cohort,TRUE
614cead1-fcce-79fa-354f-a7682ca62536,7/26/1995,614cead1-fcce-79fa-5f88-15eb0ae8506f,44054006,Diabetes mellitus type 2 (disorder),1,7/14/1943,9/5/2025,F,white,hispanic,9/6/1961,FALSE,,0,FALSE,,0,52,12376,TRUE,TRUE,TRUE,TRUE,44054006,46635009,77386006,365,t2dm_index_cohort,TRUE
0a405532-eade-dc22-7f1f-f47fa5ab6028,11/8/1997,0a405532-eade-dc22-8d19-144121ff1e4b,44054006,Diabetes mellitus type 2 (disorder),1,11/2/1957,,M,white,nonhispanic,12/28/1975,FALSE,,0,FALSE,,0,40,7986,TRUE,TRUE,TRUE,TRUE,44054006,46635009,77386006,365,t2dm_index_cohort,TRUE
d42f055f-03ac-ee37-67a3-c859f7a56d9d,5/23/2003,d42f055f-03ac-ee37-8cfa-0c26a89a35cd,44054006,Diabetes mellitus type 2 (disorder),1,5/17/1963,,M,white,nonhispanic,6/23/1978,FALSE,,0,FALSE,,0,40,9100,TRUE,TRUE,TRUE,TRUE,44054006,46635009,77386006,365,t2dm_index_cohort,TRUE
af25521f-cf9a-2ff4-0c81-3647524ef6e3,8/2/2003,af25521f-cf9a-2ff4-4932-d831348241e6,44054006,Diabetes mellitus type 2 (disorder),1,7/18/1959,,F,white,nonhispanic,12/16/1961,FALSE,,0,FALSE,,0,44,15204,TRUE,TRUE,TRUE,TRUE,44054006,46635009,77386006,365,t2dm_index_cohort,TRUE
4c89e737-cf89-ee11-d31b-7d2df30bf03e,6/9/2007,4c89e737-cf89-ee11-0ad2-549a08fb34fa,44054006,Diabetes mellitus type 2 (disorder),1,5/29/1965,6/16/2013,M,black,nonhispanic,9/23/1965,FALSE,,0,FALSE,,0,42,15234,TRUE,TRUE,TRUE,TRUE,44054006,46635009,77386006,365,t2dm_index_cohort,TRUE
a214ed53-f528-7b14-6e6d-8cfda20e94ef,2/2/2023,a214ed53-f528-7b14-05f4-41c5c9d9bab1,44054006,Diabetes mellitus type 2 (disorder),1,1/21/1971,,F,white,nonhispanic,3/16/1989,FALSE,,0,FALSE,,0,52,12376,TRUE,TRUE,TRUE,TRUE,44054006,46635009,77386006,365,t2dm_index_cohort,TRUE
1c597bb8-7b6e-0c64-e08f-1fe3f0e7c010,4/5/2023,1c597bb8-7b6e-0c64-3ec3-f06581f5dfd8,44054006,Diabetes mellitus type 2 (disorder),1,4/22/1981,,M,white,nonhispanic,9/30/1986,FALSE,,0,FALSE,,0,41,13336,TRUE,TRUE,TRUE,TRUE,44054006,46635009,77386006,365,t2dm_index_cohort,TRUE
7c6b1579-8765-6273-bc51-b35a159fdf1d,7/26/2025,7c6b1579-8765-6273-b89a-c4aad6b076ce,44054006,Diabetes mellitus type 2 (disorder),1,5/29/1965,,M,black,nonhispanic,7/23/1983,FALSE,,0,FALSE,,0,60,15344,TRUE,TRUE,TRUE,TRUE,44054006,46635009,77386006,365,t2dm_index_cohort,TRUE
